dd_sum,dd_scaled_sum,ff_sum,ff_scaled_sum
193172.6609135396,216483.72623458566,85968.01356563525,93006.76391218202
